param_n_estimators,param_max_depth,param_subsample,param_colsample_bytree,mean_R2,std_R2,mean_test_MAE,mean_test_MSE,mean_test_RMSE,rank,mean_fit_time,std_fit_time
300,6,0.5,0.8,-255087937759914.62,333710298575132.56,2415422.1875,1673695560291669.2,40898881.95298183,1,2.2328325112660727,0.017797589959958525
300,8,0.5,0.8,-257509278700885.28,337167191277867.25,2409877.5208333335,1675790385851050.8,40925900.26560772,2,3.1460888385772705,0.05987820128016664
300,4,0.5,0.8,-258182355440981.28,332880306070140.75,2435563.5416666665,1674272428086613.2,40906955.34155596,3,1.416002909342448,0.06439489145308926
300,4,0.5,0.5,-261668421850453.28,322812615664377.6,2460082.1666666665,1621922369153706.8,40217628.58644306,4,1.5568563143412273,0.009884298514350747
300,6,0.5,0.5,-265408801494357.28,317965619117490.25,2511600.1666666665,1632914622119936.0,40367257.13934054,5,2.608784278233846,0.021808594131896984
300,4,0.5,0.6,-265660147957759.97,331953379281642.56,2508526.9166666665,1657748123025408.0,40693331.683758914,6,1.2925012906392415,0.01341058917412745
300,8,0.5,0.5,-267453988863999.97,320222849254316.94,2506500.5416666665,1628134189301760.0,40304706.07760987,7,2.7462174892425537,0.03234733196417396
300,6,0.5,0.6,-268106931546794.62,330777945512817.3,2542350.375,1667996317646848.0,40826052.42188179,8,2.026838461558024,0.03063136127263056
300,8,0.5,0.5,-268927031225002.62,360871674793289.2,1543043.2291666667,1146499509518336.0,32636098.5933297,9,3.355769316355387,0.05582135675069937
300,6,0.5,0.5,-269520530833407.97,362006116724358.6,1557660.5416666667,1148230884655104.0,32681414.084450554,10,2.835351308186849,0.02687452705408404
300,4,0.5,0.5,-270981770422954.62,364798349398625.4,1553339.8958333333,1148539272254805.2,32671846.03271818,11,1.7565561930338542,0.11245366302834674
300,8,0.5,0.6,-273836374578517.28,337448743717838.94,2544213.8333333335,1671326796349440.0,40868003.287370585,12,2.8150552908579507,0.032188873292618936
300,6,0.5,0.6,-285694176002047.94,382780358740486.6,1644725.7291666667,1146802494854485.2,32729843.48257499,13,2.2250212033589682,0.033166603647133384
300,8,0.5,0.6,-286675454394367.94,383012534396774.44,1649144.2916666667,1147154816390485.2,32736566.699852943,14,3.548605044682821,0.06177376742165127
300,4,0.6,0.5,-298956455499093.3,402382624602572.1,1621871.4166666667,1141401081348096.0,32822566.802343708,15,1.625149170557658,0.013031827749014107
300,6,0.6,0.5,-300594154351274.6,404306684391836.0,1633374.1875,1135908522819584.0,32721324.06035926,16,2.843054930369059,0.030183067682408814
300,8,0.6,0.5,-301599537408682.6,406835575332915.25,1634768.4375,1137062403812010.8,32733071.75017647,17,3.4566951592763266,0.04652006857705805
300,4,0.5,0.6,-312132817474901.3,420273807802299.5,1637207.4791666667,1147352004602538.8,32736054.244335484,18,1.3197156588236492,0.007373064354684171
300,6,0.6,0.8,-324433736630271.94,438181032402544.06,2761841.625,1887368259480234.8,43352690.22446457,19,2.294444481531779,0.0670442205382579
300,8,0.6,0.8,-325493716243797.3,440113649243843.2,2767971.625,1909183561596928.0,43580851.014152214,20,3.2579099337259927,0.05384561105483244
300,4,0.6,0.8,-325536198251861.3,437528525152860.1,2735793.2916666665,1885504467369984.0,43332567.7221064,21,1.3942898909250896,0.018014817619145508
300,8,0.6,0.6,-329575529709567.94,449041303477020.25,1638596.2291666667,1140911768251050.8,32829340.24114737,22,3.6505014896392822,0.06746078277899699
300,4,0.6,0.6,-329637652245162.6,447471054791332.3,1655508.2291666667,1142092101320704.0,32835810.396499116,23,1.3342841466267903,0.0084309169144787
300,6,0.6,0.6,-330181512964778.6,447925378047345.7,1633575.0416666667,1140557992689664.0,32822938.84394305,24,2.244822343190511,0.023022555857949132
300,4,0.8,0.8,-336092004526762.6,461113299645358.7,3196348.4583333335,2186932430482090.8,46180453.690668575,25,1.4250386555989583,0.018937294958212326
300,4,0.8,0.5,-344359153172479.94,433504152524239.56,1539197.75,1083720923261610.6,31684206.24446468,26,1.5156056880950928,0.007944447531851266
300,8,0.8,0.5,-346229091336191.94,438970218500431.2,1661958.0416666667,1114493625739946.6,32482364.59251542,27,3.6636529763539634,0.09584533692003826
300,6,0.8,0.5,-346759989559295.94,437284525791274.7,1658492.0416666667,1114649385413290.6,32482413.773820635,28,2.8923122882843018,0.020927273245282926
300,6,0.8,0.8,-352267006552746.6,485693161600989.94,3164529.2083333335,2156521780325034.8,45899616.98246428,29,2.2997814814249673,0.03961499264296159
300,8,0.8,0.8,-364088911025493.3,502109362431318.2,3182635.0416666665,2168145661919232.0,46005718.8484385,30,3.43086846669515,0.0653470931511203
300,4,0.6,0.5,-365570014139733.3,465094132988098.1,2651769.9583333335,1734111344110250.8,41641826.53352552,31,1.560302972793579,0.010878250007504706
300,4,0.6,0.6,-368603555692543.94,480778694387047.06,2697149.75,1777682758325589.2,42148871.01462832,32,1.2870383262634277,0.007231560984433684
300,6,0.6,0.8,-369974401739434.6,508962771868285.6,2527344.375,1661852411669162.8,40763920.1046412,33,2.384535551071167,0.03831707821061493
300,6,0.6,0.6,-371227768127487.94,481840634155581.75,2715697.7916666665,1773236080257706.8,42097661.208859555,34,2.0438501834869385,0.020372761912487564
300,8,0.6,0.6,-377049559946581.25,488562669131967.06,2725788.3333333335,1766820159684608.0,42023165.7249035,35,3.082223653793335,0.23448501231415061
300,6,0.6,0.5,-384612162688341.25,489026249799114.5,2681957.7916666665,1736083718362453.2,41664723.827773005,36,2.6591265201568604,0.028264173182813067
300,8,0.6,0.5,-385866740531199.94,487696236662952.0,2700299.125,1739731577252522.8,41707595.008314855,37,2.8387111028035483,0.02858768696236367
600,4,0.5,0.8,-388833402508629.25,491562137576096.1,2960832.7916666665,1838043199700992.0,42815037.89215509,38,2.913701057434082,0.1405642438233139
300,4,0.6,0.8,-389038564791637.25,535713270501798.5,2489124.2916666665,1637527864388266.8,40458399.37535838,39,1.394814093907674,0.010483790371269322
300,8,0.6,0.8,-390420656466602.56,539059169231161.7,2608477.2916666665,1707489973589333.2,41318374.603496276,40,3.6967644691467285,0.19901084881860065
600,8,0.5,0.8,-405615734161407.94,525413698590217.06,2974814.0416666665,1867115162238976.0,43123297.48341244,41,6.118620872497559,0.13045856240560952
300,8,0.8,0.6,-406764133198506.56,542731271641572.5,1713310.7708333333,1127270482356906.8,32793325.75017083,42,3.7825534343719482,0.06632926019588985
600,6,0.5,0.8,-407867492401151.94,528044067458990.0,2981151.6666666665,1853219556119893.2,42975415.14260765,43,4.340728839238484,0.07132313172464226
300,6,0.8,0.6,-408290032178517.25,542243037876230.0,1707550.4166666667,1127965349904384.0,32805245.975723952,44,2.272246996561686,0.02032710698179005
300,4,0.8,0.6,-408623708635135.94,542608632015960.6,1581769.8958333333,1086808356028416.0,31796812.30442588,45,1.3266180356343586,0.007888712255910453
300,6,0.5,0.5,-411197329375231.94,532777476590637.1,2389018.4166666665,1550127695833770.8,39287883.20936217,46,2.5384647051493325,0.02280710309124914
300,4,0.5,0.5,-411468061911722.56,535854230526944.44,2329318.8333333335,1522177614544896.0,38881579.05288476,47,1.6055978933970134,0.006441671408110209
300,4,0.6,0.5,-416528032508586.56,547634338247013.25,2410871.0,1567015507241642.8,39532520.50084429,48,1.6142150561014812,0.011929025263112803
300,4,0.8,0.5,-420694445785087.94,549942411954956.44,2977319.5416666665,1966187530769749.2,44120281.6075063,49,1.565617561340332,0.006010480092653589
300,6,0.8,0.8,-437243018390186.56,599208429318182.6,2432387.25,1535365177409536.0,39110311.63236884,50,2.438098589579264,0.02833035717115945
300,6,0.8,0.5,-440893855935146.56,579101018065728.6,3005749.6666666665,1958271682347008.0,44039707.4797154,51,2.681849797566732,0.026752498758747998
300,4,0.8,0.6,-446285509296127.94,594754474959146.9,3125251.5833333335,2062655449027925.2,45054160.87389182,52,1.2888421217600505,0.007915913639175882
300,8,0.5,0.5,-446953959718911.94,583390472382676.6,2397299.1666666665,1549834877490517.2,39281258.14154414,53,2.9850989977518716,0.04098743059663496
300,8,0.5,0.6,-446967858244266.56,592670682393208.1,2504035.875,1619846065640789.2,40233864.10533372,54,3.123725414276123,0.049549383866251864
300,4,0.5,0.6,-448868491722751.94,595598620827938.6,2446354.2083333335,1590950912589824.0,39851353.15573252,55,1.2978633244832356,0.011211162011399276
600,4,0.8,0.8,-451965638497621.25,590018709464435.5,3527722.6666666665,2202730080763904.0,46271121.05184305,56,2.722144683202108,0.021750555757215937
300,6,0.5,0.6,-453704475301205.25,604323667415831.4,2484910.9583333335,1610884571638442.8,40117319.33144653,57,2.08613650004069,0.02489484404450301
300,6,0.6,0.5,-453932726528682.56,595442590121881.0,2435501.25,1578357218432341.2,39685834.652295664,58,2.557013829549154,0.008638282998756748
300,8,0.8,0.5,-454516822507519.94,597306437384379.9,3032760.25,1975302435635200.0,44209655.071644,59,2.9688413937886557,0.0490616265968831
600,4,0.6,0.8,-455561956382037.25,599901170235433.8,3191347.1666666665,1991070826452309.2,44374926.83906459,60,2.7452985445658364,0.060916591362283036
600,4,0.5,0.5,-459319343928661.25,540683067031231.5,3081793.5833333335,1798334705915221.2,42378343.6639669,61,3.0902727444966636,0.04549874032184625
300,4,0.5,0.8,-460032744008362.56,635218274350067.9,2536588.7916666665,1680346898759680.0,40991638.30076332,62,1.4020886421203613,0.02134165319376056
300,6,0.8,0.6,-465997356772010.56,620393794381049.2,3135749.2916666665,2033705714100906.8,44769260.18510419,63,2.0885586738586426,0.025226510724186985
1000,4,0.5,0.8,-466711432833706.56,575175318383880.6,3406480.1666666665,1995439926673408.0,44392350.26582863,64,4.468697786331177,0.03963981441361983
600,6,0.6,0.8,-469560525673813.25,621762300105631.5,3251571.75,2014409902434986.8,44596537.62338131,65,4.402048746744792,0.06822292056208942
300,8,0.8,0.6,-470209524312746.56,626710511147387.5,3150201.6666666665,2039267428313770.8,44823143.89283351,66,3.0796310106913247,0.03358575164669979
300,4,0.6,0.6,-471718544015359.94,629853651139892.0,2403128.5833333335,1569720128678570.8,39573673.73152053,67,1.304979960123698,0.0054376057136574915
600,8,0.6,0.8,-474158158140757.25,630501050475972.5,3276141.2083333335,2048485904525994.8,44921529.37251484,68,6.299239317576091,0.10842651772919623
300,8,0.6,0.5,-474859710010709.25,628595598607888.5,2477724.875,1592852196185429.2,39879663.36385593,69,3.0849690437316895,0.038963773138736287
600,4,0.5,0.6,-477371091473749.25,566463510293279.0,3114030.6666666665,1816771031990272.0,42583683.92844499,70,2.52132511138916,0.01857839149456713
1000,6,0.5,0.8,-485651640221695.94,610735239709342.9,3452575.7083333335,2048054126095018.8,44878871.889390975,71,7.187207301457723,0.12659752491161574
300,6,0.5,0.8,-485965927109973.25,674743588437838.5,2549157.3333333335,1690333547768490.8,41113628.44347034,72,2.365816354751587,0.07158645608043865
600,6,0.5,0.5,-486222951961941.25,569868532838578.6,3182328.875,1842733796119893.2,42860538.74365148,73,4.922039270401001,0.1698145111877371
600,8,0.5,0.5,-488393112813567.94,567970187503976.2,3205012.5416666665,1842137064101205.2,42855984.34028723,74,5.335864861806233,0.06301252840469974
300,8,0.5,0.8,-489066656519509.25,674731097483563.5,2538885.1666666665,1690836372116821.2,41119741.32940191,75,3.505582253138224,0.08409795894077313
600,6,0.5,0.6,-490668075341141.25,579759934129318.4,3216664.375,1879660627492864.0,43258464.9280467,76,3.965139627456665,0.05561778455317251
300,4,0.8,0.8,-496584473881258.56,681971444506907.4,2476018.4166666665,1557028992450560.0,39411830.905826055,77,1.3994348049163818,0.007757426894655824
600,8,0.5,0.6,-497172339141290.56,586807605959324.9,3229248.25,1892903219625984.0,43396553.95125171,78,5.580999851226807,0.059587194906178635
1000,8,0.5,0.8,-498177361488554.56,629527634025300.6,3489204.8333333335,2082196476482901.2,45193996.32987986,79,10.155047337214151,0.18595002622514287
300,8,0.6,0.6,-499361230356479.94,668280513425818.4,2499163.1666666665,1598971853493589.2,39966309.01211948,80,3.21644655863444,0.04482917788289298
300,8,0.8,0.8,-505938183542101.25,696415835884043.6,2443979.5,1542000857142613.2,39207080.54045706,81,3.8118082682291665,0.08168367603550444
600,6,0.8,0.8,-506505985348949.25,676573459986346.5,3595863.0833333335,2252289082043050.5,46664006.69446644,82,4.474106073379517,0.06121019727612414
300,6,0.6,0.6,-506610942214143.94,675783854370825.4,2482121.1666666665,1594126280338090.8,39901989.59005739,83,2.1088925997416177,0.025222080871070036
600,6,0.8,0.5,-530089306838357.25,664029867010678.4,2007016.7083333333,1146884647288832.0,33566344.93489095,84,5.770385265350342,0.1099810543293172
600,4,0.8,0.5,-530361117310975.94,658990510174788.6,1815004.5,1085154603477674.6,32350753.240507573,85,3.1751209100087485,0.023584904583203937
600,8,0.8,0.5,-531817086058495.94,668563510516525.2,2006475.9166666667,1146712915705856.0,33562117.05633917,86,7.1991729736328125,0.12453975638714554
600,8,0.8,0.8,-532296738275327.94,710995306581050.4,3699146.9583333335,2304780114329600.0,47108155.703612365,87,6.5723350048065186,0.10852245845237111
600,4,0.5,0.5,-535842510602239.94,678936968805405.5,1904505.875,1150330284802048.0,33462037.939990263,88,3.179328123728434,0.05129387465933807
300,4,0.8,0.6,-539551217658538.56,720607780892375.2,2134669.3333333335,1409341620660906.8,37251294.882720105,89,1.3278663953145344,0.019879544467772597
600,6,0.5,0.5,-543577550968149.25,690780369412416.1,1888175.9166666667,1150714550157312.0,33483601.04201917,90,5.624040524164836,0.11662722280656028
600,8,0.5,0.5,-545969020076031.94,692598223995724.8,1884327.0,1149773728623274.8,33470645.426291317,91,6.775835196177165,0.13454978723000655
600,8,0.6,0.5,-548894393324885.25,722085492059960.5,1927097.375,1161488117705386.8,33764583.21467981,92,6.888306538263957,0.12135320381217811
600,4,0.6,0.5,-549322394086058.56,719840927792975.0,1866074.9166666667,1145183527064917.2,33465655.6591039,93,3.2668237686157227,0.0432095668704305
600,6,0.6,0.5,-551047435823786.56,719303884338850.0,1907070.6666666667,1151798582007125.2,33595116.018405326,94,5.686708847681682,0.14616614219855165
300,8,0.8,0.6,-555370271473663.94,746768483127658.8,2263018.9166666665,1453611638150485.2,37949690.03251243,95,3.362506151199341,0.04976194389316393
300,6,0.8,0.5,-572629666059605.2,757998027255212.0,2198949.625,1428907679722154.8,37591501.37127149,96,2.641672452290853,0.01813845134763301
300,4,0.8,0.5,-577228270206975.9,768937344238233.2,2143852.8333333335,1412214349802154.8,37311365.84365896,97,1.6145541667938232,0.005469110138896696
300,6,0.8,0.6,-583520513338026.6,787431226552186.8,2131803.875,1395857190551552.0,37026984.76308257,98,2.1441375414530435,0.020961827654582713
1000,4,0.6,0.8,-589235074979157.2,713189576708064.2,3606938.9583333335,2136349840069973.2,45677800.44794414,99,4.486980676651001,0.035724811897548586
1000,4,0.8,0.5,-596849744412671.9,736614978716280.6,1858094.7083333333,1077283270601386.6,32295814.98668964,100,5.325563112894694,0.08676681297206251
300,8,0.8,0.5,-597408850728277.2,792628868974767.2,2202400.9166666665,1421401530914133.2,37471526.01460359,101,3.212541182835897,0.037630997012039286
600,6,0.6,0.8,-598570243719167.9,812925845975060.2,2881371.3333333335,1624769261382314.8,40303573.36618713,102,4.741377592086792,0.0660835264438692
1000,6,0.8,0.5,-602429387877034.6,752268712043823.9,2080258.125,1153574014113109.2,33741080.804208964,103,9.11437702178955,0.08477798468241449
1000,8,0.8,0.5,-606743044991658.6,760629836231841.5,2095577.4166666667,1160386234897749.2,33857487.44067719,104,11.888894637425741,0.15800779943392332
300,4,0.5,0.8,-614957378611882.6,861836609677995.4,1826100.125,1220387912286208.0,34543225.567104444,105,1.4144363403320312,0.015992253392360763
300,8,0.5,0.8,-616178269902165.2,861980355623746.9,1841338.6458333333,1231193423653546.8,34739414.148019314,106,4.096940199534099,0.09491323028248191
300,6,0.5,0.8,-616436279017471.9,862572749332130.2,1843944.5,1233230893503829.2,34767745.60085603,107,2.48056697845459,0.04363128839055662
600,4,0.6,0.5,-616950817707349.2,766256138580160.4,3375838.3333333335,2030290365054976.0,44755783.91503262,108,3.106783072153727,0.023078921473660984
600,8,0.6,0.8,-619043501375487.9,843853088070508.0,3001094.5,1695050316644352.0,41165699.958057426,109,6.956758181254069,0.14512384572528073
600,4,0.6,0.8,-620201006246570.6,825298733427284.1,2854027.6666666665,1589335110101674.8,39840864.02997779,110,2.7410088380177817,0.02351104135336833
600,8,0.8,0.6,-622898010827434.6,829636943544136.0,2079479.6666666667,1179762621939712.0,34123214.08761829,111,7.436378796895345,0.11282319800693616
600,6,0.8,0.6,-624568238604287.9,828696173517591.0,2040002.5416666667,1167512480426666.8,33915827.37519045,112,4.504430691401164,0.05593098635207302
600,4,0.6,0.6,-625491393729877.2,825898670522756.5,1994632.3333333333,1196182147694592.0,34313646.090781145,113,2.638573090235392,0.008051375827678247
600,4,0.8,0.6,-625622415398229.2,826742627892950.9,1857901.9583333333,1094262014519978.6,32515242.213624466,114,2.595375140508016,0.012133363531776005
600,6,0.6,0.6,-626811316032853.2,829153938073075.6,1928090.0416666667,1175424324687189.2,33970821.90907841,115,4.444016297658284,0.06332861493184543
600,8,0.6,0.6,-627270528008191.9,831902067555490.9,1929091.2083333333,1179768795955200.0,34043270.09545713,116,7.1619478066762285,0.1398126173908435
600,6,0.5,0.6,-632141227840853.2,809280910878475.9,2093102.8333333333,1196678216417280.0,34294257.3250819,117,4.393750905990601,0.05719676876306409
1000,8,0.6,0.8,-633555672978773.2,801236975909889.1,3804980.375,2318582528606208.0,47217691.05255872,118,10.561123053232828,0.18310691321364655
600,8,0.5,0.6,-634245317219669.2,807105098158021.6,2108973.8333333335,1203904610740906.8,34417674.28524426,119,6.967140277226766,0.1335866043627554
600,6,0.5,0.8,-638018940917077.2,872114296915657.5,2899498.9583333335,1700279439327232.0,41225657.09280818,120,4.61111052831014,0.0819821696715467
600,4,0.5,0.8,-639704015131989.2,869691447375211.0,2891071.6666666665,1660829046232405.2,40752573.52128521,121,2.7238217194875083,0.018985349014672363
600,4,0.6,0.6,-648068554817535.9,807468303431549.2,3400218.5,2056840913354752.0,45020175.380098484,122,2.517836411794027,0.017012936815037866
1000,6,0.6,0.8,-648862027655850.6,818241527447103.2,3747205.5,2239123396668074.8,46552534.2417259,123,7.294293244679769,0.11335200673232393
600,8,0.5,0.8,-664574294491135.9,900970298776707.1,2926544.4166666665,1714010673468757.2,41385416.76480687,124,6.791457970937093,0.16906086016424446
600,4,0.5,0.6,-668018208145407.9,863011493770110.8,2080645.9583333333,1192842967209301.2,34215236.77910117,125,2.6397805213928223,0.028060054875182615
600,6,0.6,0.6,-669400907994453.2,832563884286505.4,3459010.8333333335,2092960469833045.2,45349168.61457771,126,3.9793436527252197,0.04156460569433254
600,6,0.6,0.5,-671969125072895.9,835765531494116.9,3438746.0833333335,2075546972323840.0,45168040.65975886,127,4.879621744155884,0.10526518188843591
600,8,0.6,0.6,-673114941816831.9,832800462504468.0,3508577.25,2081781206832469.2,45241520.762259506,128,5.719910144805908,0.07639683805914509
1000,4,0.5,0.6,-677836984330922.6,751618021177356.0,3565808.375,1940918627554645.2,43861381.30278606,129,4.1536939938863116,0.0350367147360552
1000,4,0.8,0.8,-679321124820309.2,861434275913971.9,3702033.375,2177459119543637.2,46020159.62137481,130,4.50273871421814,0.04546775282995666
1000,4,0.6,0.5,-679734252579498.6,882651625209366.5,2041197.0,1157310143528960.0,33778139.91316624,131,5.2526772022247314,0.029808371903278147
1000,8,0.6,0.5,-683560858725034.6,886367099778385.0,2112081.75,1188859049497941.2,34309825.79254195,132,11.47430419921875,0.18222295268605837
1000,6,0.6,0.5,-689417435305301.2,888216277328729.5,2075252.4583333333,1167090320932864.0,33951646.21618331,133,9.0739696820577,0.05498088226468815
600,8,0.6,0.5,-697319470486869.2,861363122413663.8,3502480.5833333335,2090262604021760.0,45304503.37663889,134,5.519181648890178,0.06422497465188524
600,4,0.8,0.6,-698205654220799.9,888765074401198.9,3757451.375,2324035973851818.5,47294380.89293077,135,2.5243471463521323,0.012099350993904285
1000,4,0.5,0.5,-704786998143658.6,871411953192033.1,2149500.9583333335,1169214495435434.8,33941116.65632336,136,5.251336336135864,0.054514578179751
1000,6,0.8,0.6,-720642829014357.2,956562738018687.2,2105215.5833333335,1170333200198314.8,34014051.994436465,137,7.422734340031941,0.06943014141836883
1000,4,0.5,0.5,-720858027567786.6,788387178435594.9,3568509.8333333335,1933383778522453.2,43792609.26168702,138,5.061695496241252,0.06093951765870111
1000,8,0.8,0.6,-722268105037141.2,962881646214319.8,2159616.0416666665,1189902748920490.8,34335298.13094474,139,12.434723218282064,0.19964008658445162
1000,4,0.8,0.6,-723027604013055.9,956053767071710.9,1879615.125,1083198089286997.4,32391938.618512034,140,4.294535398483276,0.026222225422771542
600,4,0.8,0.5,-724849690760533.2,915350148221109.2,3716237.125,2327011983534762.5,47287934.42682149,141,3.0825467904408774,0.03778901276775182
1000,6,0.5,0.5,-733077684879359.9,909009615820251.2,2119074.0,1173633121998165.2,34025705.972658195,142,9.030274311701456,0.126457613973464
300,4,0.6,0.8,-736152894395733.2,1032917943205615.1,1559353.2708333333,1168255330811904.0,33707035.60910497,143,1.4292149543762207,0.016034454017078884
1000,4,0.5,0.8,-738319879809706.6,958044032841553.6,3108702.375,1615735110849877.2,40191267.86180668,144,4.500571648279826,0.0358892502118037
300,6,0.6,0.8,-741839365035349.2,1041173815955970.2,1636325.7708333333,1213569964878506.8,34514597.51660172,145,2.5704263051350913,0.06727202236895287
600,4,0.5,0.5,-741975610010282.6,938666490517943.8,2937237.6666666665,1664539316365994.8,40798319.13300761,146,3.1530631383260093,0.01546441888837669
300,8,0.6,0.8,-742175316901887.9,1041547809476058.1,1637793.7291666667,1212333103775744.0,34493189.1190623,147,4.213109095891316,0.11810604743365057
1000,6,0.5,0.6,-742179441999871.9,825193592998700.8,3739092.6666666665,2055254325592064.0,44961533.52630762,148,6.604416449864705,0.06274972604614854
600,6,0.5,0.5,-743415984335530.6,949308674340280.1,2999126.625,1706512644833280.0,41296405.449595995,149,5.159533500671387,0.09728359505351492
1000,8,0.5,0.5,-745150301077503.9,921553238529629.4,2138482.5833333335,1176767821774848.0,34086169.58051593,150,11.229364474614462,0.19903905948203773
600,4,0.5,0.6,-754698432806912.0,972764715168393.6,2927401.6666666665,1632782820311040.0,40405743.27704097,151,2.524437189102173,0.016429526797600208
600,6,0.8,0.6,-772137560309760.0,976755127644854.4,3898441.0833333335,2410299318250154.5,47961991.95930698,152,4.119262933731079,0.04918709591930151
1000,6,0.8,0.8,-772784744213162.6,1001050864192241.5,3793379.625,2227660486868992.0,46438212.20298328,153,7.473587830861409,0.14633860493183512
1000,8,0.5,0.6,-773288046712149.4,864041089680966.0,3802934.6666666665,2090370201900373.2,45290998.206669085,154,9.267977317174276,0.10896870076696732
1000,6,0.5,0.5,-778470528734549.4,864506889433738.2,3742019.8333333335,2027462173829802.8,44695296.14883838,155,7.862334092458089,0.918306660501029
1000,4,0.6,0.6,-790019391007402.6,1037630932965520.5,2172659.7083333335,1209638906582357.2,34613593.26526199,156,4.366355737050374,0.07716133437548413
1000,8,0.6,0.6,-803336099288405.4,1055846876281682.9,2109537.7083333335,1201058367231317.2,34480529.13225005,157,12.035189549128214,0.24198817438034967
1000,6,0.6,0.6,-804687341857450.6,1055983679737457.9,2062563.75,1178019021804885.2,34102485.59924433,158,7.368183851242065,0.08861735613518669
600,8,0.5,0.5,-808068182966272.0,1033291146784398.2,3030128.1666666665,1713638577187498.8,41380421.13779873,159,5.871860106786092,0.09018312759419032
1000,8,0.5,0.5,-812416283705344.0,890286755464637.8,3804509.9166666665,2050702152389973.2,44922644.626187064,160,8.824961423873901,0.1035381530254552
600,4,0.6,0.5,-815993325966677.4,1046155505560310.9,2861000.2916666665,1606105078344362.8,40069961.88884716,161,3.1724182764689126,0.020679281287351636
1000,8,0.8,0.8,-818284679834282.6,1058967690677389.5,3897698.75,2272930650128384.0,46814482.5458586,162,10.924561182657877,0.1268569503812983
600,8,0.8,0.6,-824727589355520.0,1044865377301890.6,3949077.9166666665,2427344835488426.5,48097368.56276119,163,5.950987180074056,0.06620522356918307
600,6,0.8,0.5,-828680994903381.4,1057831100368324.6,3881494.3333333335,2408783821144064.0,47939161.39785856,164,5.021556297938029,0.03784377534565369
1000,6,0.5,0.8,-831481735806976.0,1107337286215407.8,3182250.25,1679105966385834.8,40967660.42587323,165,7.707299788792928,0.19495228553456675
600,4,0.6,0.6,-836371542092458.6,1062275626933400.2,2891069.6666666665,1624166936958293.2,40298292.92283758,166,2.539617935816447,0.01910290843154113
600,6,0.5,0.6,-840110367047680.0,1088428720729127.8,3056797.6666666665,1708766115747157.2,41322388.94351313,167,4.1179399490356445,0.06888246790781268
600,8,0.5,0.6,-845609407173973.4,1097172675833221.9,3097153.0416666665,1732696286603946.8,41600692.16978405,168,6.118252197901408,0.10266628439010346
1000,4,0.6,0.6,-867246227674453.4,1004496030599395.0,3881177.6666666665,2261255407883605.5,46789674.07639098,169,4.160477876663208,0.02961960985318186
1000,8,0.5,0.8,-876434804091562.6,1161687102671583.2,3284693.75,1729886527946752.0,41556170.65152478,170,11.401957352956137,0.25070548011716864
1000,8,0.5,0.6,-890474562846720.0,1120461794478453.4,2429131.5416666665,1255168714036565.2,35306497.817367785,171,11.563995043436686,0.23155241917853847
1000,4,0.6,0.8,-894438926712832.0,1169579404589201.0,3180413.2083333335,1625126370017280.0,40305298.09205661,172,4.520694017410278,0.03152640899466761
1000,4,0.6,0.5,-896003841108650.6,1023764767899569.5,3893788.625,2238529438482432.0,46600521.09021085,173,5.06473437945048,0.027854530669022343
600,8,0.8,0.5,-896467160705706.6,1149679269212784.2,3910108.7083333335,2417722319175680.0,48003924.93887496,174,5.735624472300212,0.07013631964296003
1000,6,0.5,0.6,-898966003995989.4,1141220550556340.0,2409486.4583333335,1244488427809450.8,35149221.7955234,175,7.301514705022176,0.09735476959655943
600,6,0.6,0.5,-900317336043520.0,1162955328826223.2,2951703.1666666665,1660154020539050.8,40742362.545252554,176,5.363194306691487,0.08741885031499036
1000,6,0.6,0.8,-906505670885376.0,1218566287704532.2,3259346.625,1685884587999232.0,41054521.866147034,177,7.683146874109904,0.12028669785966294
1000,4,0.5,0.6,-907473288429568.0,1159791352521951.2,2362286.9166666665,1225650835466922.8,34846487.59890711,178,4.301412105560303,0.026933725223525707
300,8,0.8,0.8,-927327113095850.6,1306585217087557.8,1846871.7291666667,1240128454393856.0,34963821.01704462,179,4.429986238479614,0.11709557473276627
300,6,0.8,0.8,-927444453119317.4,1306351860572418.0,1807866.3125,1231951284054698.8,34831021.033616684,180,2.696962356567383,0.11227020012200079
300,4,0.8,0.8,-928032321000789.4,1307431380121153.2,1432048.6666666667,1097408782707370.6,32308181.89099273,181,1.418500820795695,0.009229552132458475
600,6,0.8,0.8,-936190348536490.6,1267206940995439.5,2934998.2916666665,1605934666569045.2,40055114.218457766,182,4.803742170333862,0.08917441508515533
1000,6,0.6,0.6,-938451282515285.4,1096675488235323.9,4019479.7916666665,2338892534164138.5,47415749.96772989,183,6.680996259053548,0.13379743924020493
1000,8,0.6,0.8,-942729114681344.0,1265366726629528.8,3412842.625,1771411703420245.2,42037320.653531484,184,11.67311429977417,0.24052433136805135
600,8,0.6,0.6,-944933562570069.4,1213079644133020.2,3097626.3333333335,1716397601543509.2,41406968.95976975,185,6.253014246622722,0.09333185395315165
600,6,0.6,0.6,-951989019432277.4,1227758827931416.5,3021736.6666666665,1689714267171498.8,41097189.409349434,186,4.17016339302063,0.04357723958323889
600,8,0.6,0.5,-966768667394048.0,1255299611682686.5,3029763.2083333335,1689406192746496.0,41092514.35381231,187,6.002756357192993,0.08190354872691284
1000,8,0.6,0.6,-969132448503125.4,1126577556654639.2,4136740.4583333335,2362661956922026.5,47607170.923639454,188,9.427899440129599,0.12483278403137898
1000,6,0.6,0.5,-1028206368216405.4,1194565349931978.2,4053251.7083333335,2345235395553962.5,47452268.6805036,189,7.22212568918864,0.2793285958767467
600,4,0.8,0.6,-1038302589222912.0,1361267339211241.8,2640385.625,1454683254860458.8,37967181.10807863,190,2.55780291557312,0.012704571954605896
600,4,0.8,0.5,-1040114293669888.0,1351671251921951.8,2571243.5416666665,1446570419552256.0,37861254.218194865,191,3.1520312627156577,0.0060134354333129005
1000,8,0.6,0.5,-1066890624150186.6,1235516993461358.2,4163546.0833333335,2394252649343658.5,47857242.723099984,192,9.047473033269247,0.10274914525269871
1000,4,0.8,0.6,-1086521096536064.0,1355261474746314.5,4084065.25,2389136135334570.5,47832592.78081691,193,4.166147152582805,0.015224745777451087
1000,4,0.5,0.6,-1092438129814186.6,1349719022293023.5,3230136.5,1614114029131093.2,40172253.226852216,194,4.206554889678955,0.030965679992621592
1000,4,0.5,0.5,-1092980570761898.6,1336814291730036.8,3284280.75,1669816533734741.2,40858631.505739816,195,5.208322922388713,0.06482942877328055
600,6,0.8,0.5,-1093044598210560.0,1424879570606867.5,2729014.75,1470895391855957.2,38250195.98462135,196,5.413073539733887,0.041713695591255935
600,4,0.8,0.8,-1099754134044672.0,1476774904932223.2,2856892.7083333335,1561969412800512.0,39465799.49112043,197,2.741455554962158,0.015613440357334519
600,8,0.8,0.6,-1122689748740778.6,1485448115217725.0,2856691.125,1524675272245248.0,38993607.77810945,198,6.484954277674357,0.08239286885352541
600,6,0.8,0.6,-1129689488468650.8,1497368645133008.2,2650625.3333333335,1438446690238464.0,37740679.19007379,199,4.228555917739868,0.04723868652422424
1000,4,0.8,0.5,-1137030102078805.2,1395020637393909.5,4097207.125,2394265936898730.5,47862602.74232337,200,5.180421431859334,0.055920031369199756
600,8,0.8,0.8,-1147806535734613.2,1557325257898588.0,2995014.7916666665,1636697727740586.8,40452103.41839213,201,7.450584491093953,0.15165440536963848
1000,4,0.6,0.6,-1157548883312640.0,1411826912447369.2,3259463.5833333335,1661697390193322.8,40760619.95230866,202,4.224685907363892,0.02222552077200287
600,8,0.8,0.5,-1158776114293418.8,1504677453398262.8,2779957.125,1491058876394154.8,38543276.19999275,203,6.308593034744263,0.0697777517044904
1000,4,0.6,0.5,-1174776243202730.8,1447564523507031.2,3193162.9583333335,1629505223393280.0,40365699.00439519,204,5.182215213775635,0.03596135985777641
1000,6,0.5,0.5,-1190023321179477.2,1477618933206154.0,3453846.9583333335,1779556750983168.0,42104177.476410545,205,8.752899726231893,0.09279573901652856
1000,6,0.8,0.6,-1217127092584448.0,1495684129822766.8,4367502.875,2587930933592064.0,49325432.057811975,206,6.659738540649414,0.05368163874120452
600,6,0.5,0.8,-1261960965739861.2,1746371049153455.2,2231004.5625,1351670567010304.0,36615157.286898844,207,4.923087199529012,0.09652557158486808
1000,8,0.5,0.5,-1263492494873941.2,1560741749986802.0,3545963.9583333335,1818328360288256.0,42523105.89169293,208,9.76557715733846,0.1415409666237546
600,4,0.5,0.8,-1265501478409557.2,1757615582075412.8,2171209.8541666665,1302044770041856.0,35925014.94911067,209,2.790496587753296,0.026165956318949128
600,8,0.5,0.8,-1277021536998741.2,1766764249619605.8,2254827.3541666665,1362990400711338.8,36767349.579893,210,8.002703428268433,0.24522969725231
1000,6,0.5,0.6,-1301382316075690.8,1629343189691008.8,3458775.4166666665,1735588633903104.0,41615244.982216924,211,6.892580429712932,0.10548073963842429
1000,8,0.5,0.6,-1334474267339434.8,1675666410188567.2,3577217.7083333335,1802142015466154.8,42354886.63864174,212,9.982285579045614,0.15355482684593671
1000,6,0.8,0.5,-1341099880742912.0,1650677831959944.8,4337810.458333333,2547871460447573.5,49005528.070541285,213,7.149839719136556,0.5151804315371111
1000,6,0.6,0.5,-1349638074400768.0,1671870396329921.0,3389830.2916666665,1735409274279253.2,41611747.641633324,214,8.94093402226766,0.10864516013999667
1000,8,0.8,0.6,-1353855530958848.0,1665830391543304.5,4431329.75,2568963910620501.5,49173026.628181845,215,9.85831594467163,0.1718645315209796
1000,8,0.6,0.6,-1375819501578922.8,1688172260429698.5,3605173.7916666665,1829249298901674.8,42637456.38917232,216,10.20692547162374,0.13013581703143795
1000,6,0.6,0.6,-1400697596324522.8,1741584116924483.5,3480540.2083333335,1776640110275242.8,42080938.78454606,217,6.997261683146159,0.07543039853890467
600,6,0.6,0.8,-1405041306326357.2,1964531479706670.2,1966080.1875,1284085364293632.0,35681820.74638788,218,5.013298034667969,0.07622155407852617
600,4,0.6,0.8,-1407542001401856.0,1968271103574171.2,1801071.2291666667,1221803126379861.2,34745251.64428424,219,2.7986220518747964,0.027315063666948653
600,8,0.6,0.8,-1407786034397184.0,1967527666749002.5,1970989.2291666667,1284646304918186.8,35688152.00180124,220,8.18024484316508,0.23018177493701603
1000,8,0.8,0.5,-1471294298128384.0,1832766546113126.8,4441615.208333333,2578118230758741.5,49221955.9140918,221,9.349627097447714,0.12829678515961618
1000,8,0.6,0.5,-1490186002584917.2,1862054041514872.2,3554825.75,1795195532214272.0,42276926.089202486,222,9.87620727221171,0.12722896721641777
1000,4,0.8,0.5,-1529154386264064.0,1880888895077875.8,2909636.875,1487286463452501.2,38435727.4062232,223,5.179761489232381,0.02473369427778092
1000,4,0.8,0.6,-1579756069147989.2,2003013510983338.0,2926486.75,1485522014830592.0,38380364.88665565,224,4.217683792114258,0.017428903214710936
600,4,0.8,0.8,-1603761389349546.8,2255704181318764.5,1492137.7291666667,1069899349404330.6,32103430.008073807,225,2.8202017148335776,0.015897169859290895
600,8,0.8,0.8,-1604872152197802.8,2256601753893101.0,2063458.7708333333,1279167403043498.8,35617166.76072992,226,8.508624792098999,0.20704058776687423
1000,6,0.8,0.8,-1605116603924480.0,2156852860609867.0,3146743.4166666665,1609466785038336.0,40077275.80414319,227,7.793210665384929,0.10169577100297046
600,6,0.8,0.8,-1605358648819712.0,2255918876849574.5,2024963.9583333333,1266459400121002.8,35434604.48965179,228,5.080087502797444,0.06962755708234095
1000,6,0.5,0.8,-1654968619281066.8,2269529542555185.5,2421388.3541666665,1400083662067029.2,37206765.39312724,229,8.21802051862081,0.13939464991724948
1000,4,0.5,0.8,-1658094653625685.2,2278173885223156.5,2299703.6875,1325242648974677.2,36235361.79729655,230,4.654377142588298,0.030915477934369443
1000,8,0.5,0.8,-1671997686459050.8,2290593779432685.5,2414512.4375,1401385797724842.8,37224514.86817885,231,13.158027331034342,0.3141769368145746
1000,6,0.8,0.5,-1698770418226517.2,2156823539379439.8,3096700.875,1524794144413013.2,38986439.734028734,232,9.045205434163412,0.1036581049226133
1000,6,0.6,0.8,-1717928182764885.2,2394946914694206.5,2068917.5208333333,1298944810287104.0,35886289.62095324,233,8.31375010808309,0.1642810438676239
1000,4,0.6,0.8,-1719292539524437.2,2398585283019011.5,1897740.2708333333,1226103663711573.2,34830354.735056564,234,4.659551699956258,0.02965070141238714
1000,8,0.6,0.8,-1721300380811264.0,2397030371924917.0,2087566.8125,1310912020829525.2,36047531.40219899,235,13.792315244674683,0.390287376555492
1000,8,0.8,0.6,-1752069195169792.0,2278178704996627.0,3198643.7916666665,1557180569004714.8,39414705.961412765,236,10.555304845174154,0.1185848073328288
1000,6,0.8,0.6,-1792569193267200.0,2319576925381567.0,2985694.125,1472649282016597.2,38213156.92948744,237,7.077679793039958,0.06303306026234222
1000,8,0.8,0.5,-1820688120457898.8,2319243561242655.0,3170105.4583333335,1549563444505258.8,39331175.46998515,238,10.316919247309366,0.1268008588940038
1000,8,0.8,0.8,-1832443775898965.2,2464912618930188.5,3261797.375,1650551234232320.0,40616315.36433228,239,12.040585199991861,0.25359613452479124
1000,4,0.8,0.8,-1869538841154901.2,2631509044022584.5,1523470.7708333333,1069389724691114.6,32163296.94935942,240,4.661416133244832,0.03431265664355093
1000,8,0.8,0.8,-1876359415944533.2,2638774848708764.0,2118549.7291666665,1290117891926698.8,35775079.82394912,241,14.037681976954142,0.26373543832938706
1000,6,0.8,0.8,-1877555892890282.8,2637947988930553.5,2077280.7291666667,1271758405500928.0,35518674.08953102,242,8.452471415201822,0.1925495140912362
1000,4,0.8,0.8,-1892149788409856.0,2519266532113345.5,2973513.2916666665,1536860183942485.2,39084097.91757392,243,4.553812424341838,0.030788922434753428
